Workbook

Sheet Start here
B2: Funded-Account Drawdown Tracker
B3: Track a trading-challenge or funded account against its own loss rules, one row per trading day.
B5: How to use it
B6: 1. 'Rules' tab: type the numbers from YOUR firm's rules (account size, profit target, daily loss limit, max drawdown, trailing or static). Yellow cells are inputs.
B7: 2. 'Daily log' tab: add one row per trading day with the day's net profit or loss in dollars (after fees). Everything else calculates.
B8: 3. 'Rules' tab also shows your current balance, your drawdown floor, how many dollars of cushion are left, and a status line.
B9: 4. Rows 5-12 of the Daily log hold SAMPLE numbers so you can see how it works. Delete the yellow P&L values to start your own.
B11: Read this first
B12: Firms differ: some trail the floor on end-of-day balance, some on intraday equity, some lock the floor at the starting balance, some measure daily loss from the day's starting balance or from equity. This sheet models the common end-of-day versions only. Always check your firm's own rules and dashboard; they are the authority, this sheet is a second set of eyes.
B13: This is arithmetic on numbers you type. It is not advice, not a signal, and not affiliated with any firm. Trading involves risk of loss. Built with AI assistance (Claude) and tested by recalculating every formula.

Sheet Rules
A1: Account rules and live status
A3: Starting balance ($) | B3: 50000 | C3: Account size at the start of the challenge or funded stage
A4: Profit target ($) | B4: 3000 | C4: Dollars of profit needed (0 if none, e.g. funded stage)
A5: Max daily loss ($) | B5: 1000 | C5: Loss in one day that breaches the account (0 if none)
A6: Max drawdown ($) | B6: 2000 | C6: Distance from the high-water mark (trailing) or from the start (static)
A7: Drawdown type | B7: Trailing (end of day) | C7: Trailing: floor rises with your best end-of-day balance. Static: floor never moves
A8: Floor stops rising at starting balance? | B8: Yes | C8: Many firms stop trailing once the floor reaches the starting balance. Pick what your firm does
A10: Live status (calculated)
A11: Trading days logged | B11: =COUNT('Daily log'!B5:B204)
A12: Current balance ($) | B12: =B3+SUM('Daily log'!B5:B204)
A13: Highest end-of-day balance ($) | B13: =MAX(B3,MAX('Daily log'!D5:D204))
A14: Drawdown floor now ($) | B14: =IF(B7="Static",B3-B6,IF(B8="Yes",MIN(B3,B13-B6),B13-B6)) | C14: Balance at or below this = account breached
A15: Cushion above the floor ($) | B15: =B12-B14 | C15: How much you can still lose before the drawdown rule is breached
A16: Cushion as % of balance | B16: =IF(B12=0,0,B15/B12)
A17: Last day's P&L ($) | B17: =IF(B11=0,0,INDEX('Daily log'!B5:B204,B11))
A18: Daily loss limit used (last day) | B18: =IF(OR(B5=0,B17>=0),0,-B17/B5) | C18: 100% or more = daily limit breached
A19: Profit still needed to hit target ($) | B19: =MAX(0,B4-(B12-B3))
A20: Progress to target | B20: =IF(B4=0,0,MAX(0,B12-B3)/B4)
A21: Days with a breach | B21: =COUNTIF('Daily log'!J5:J204,"BREACH*")
A22: Status | B22: =IF(B11=0,"No days logged",IF(B21>0,"BREACHED: check your firm",IF(B12<=B14,"BREACHED: at the floor",IF(AND(B4>0,B12-B3>=B4),"Target reached",IF(B15<B6*0.25,"CAUTION: under 25% of drawdown left","OK"))))) | C22: Re-check against your firm's own dashboard

Sheet Daily log
A1: Daily log: type a date and the day's net P&L; the grey columns calculate
A2: Rows 5-12 are SAMPLE data. Clear the yellow cells (A and B, and I if used) to start your own.
A4: Date | B4: Net P&L ($) | C4: End balance ($) | D4: Highest end balance ($) | E4: Drawdown floor ($) | F4: Cushion ($) | G4: Daily loss used | H4: Profit to date ($) | I4: Note | J4: Check
A5: 46266 | B5: 420 | C5: =IF(B5="","",Rules!$B$3+SUM($B$5:B5)) | D5: =IF(B5="","",MAX(Rules!$B$3,MAX($C$5:C5))) | E5: =IF(B5="","",IF(Rules!$B$7="Static",Rules!$B$3-Rules!$B$6,IF(Rules!$B$8="Yes",MIN(Rules!$B$3,D5-Rules!$B$6),D5-Rules!$B$6))) | F5: =IF(B5="","",C5-E5) | G5: =IF(B5="","",IF(OR(Rules!$B$5=0,B5>=0),0,-B5/Rules!$B$5)) | H5: =IF(B5="","",C5-Rules!$B$3) | I5: SAMPLE | J5: =IF(B5="","",IF(C5<=E5,"BREACH: floor",IF(G5>=1,"BREACH: daily limit",IF(F5<Rules!$B$6*0.25,"Caution","OK"))))
A6: 46267 | B6: -310 | C6: =IF(B6="","",Rules!$B$3+SUM($B$5:B6)) | D6: =IF(B6="","",MAX(Rules!$B$3,MAX($C$5:C6))) | E6: =IF(B6="","",IF(Rules!$B$7="Static",Rules!$B$3-Rules!$B$6,IF(Rules!$B$8="Yes",MIN(Rules!$B$3,D6-Rules!$B$6),D6-Rules!$B$6))) | F6: =IF(B6="","",C6-E6) | G6: =IF(B6="","",IF(OR(Rules!$B$5=0,B6>=0),0,-B6/Rules!$B$5)) | H6: =IF(B6="","",C6-Rules!$B$3) | I6: SAMPLE | J6: =IF(B6="","",IF(C6<=E6,"BREACH: floor",IF(G6>=1,"BREACH: daily limit",IF(F6<Rules!$B$6*0.25,"Caution","OK"))))
A7: 46268 | B7: 880 | C7: =IF(B7="","",Rules!$B$3+SUM($B$5:B7)) | D7: =IF(B7="","",MAX(Rules!$B$3,MAX($C$5:C7))) | E7: =IF(B7="","",IF(Rules!$B$7="Static",Rules!$B$3-Rules!$B$6,IF(Rules!$B$8="Yes",MIN(Rules!$B$3,D7-Rules!$B$6),D7-Rules!$B$6))) | F7: =IF(B7="","",C7-E7) | G7: =IF(B7="","",IF(OR(Rules!$B$5=0,B7>=0),0,-B7/Rules!$B$5)) | H7: =IF(B7="","",C7-Rules!$B$3) | I7: SAMPLE | J7: =IF(B7="","",IF(C7<=E7,"BREACH: floor",IF(G7>=1,"BREACH: daily limit",IF(F7<Rules!$B$6*0.25,"Caution","OK"))))
A8: 46269 | B8: -850 | C8: =IF(B8="","",Rules!$B$3+SUM($B$5:B8)) | D8: =IF(B8="","",MAX(Rules!$B$3,MAX($C$5:C8))) | E8: =IF(B8="","",IF(Rules!$B$7="Static",Rules!$B$3-Rules!$B$6,IF(Rules!$B$8="Yes",MIN(Rules!$B$3,D8-Rules!$B$6),D8-Rules!$B$6))) | F8: =IF(B8="","",C8-E8) | G8: =IF(B8="","",IF(OR(Rules!$B$5=0,B8>=0),0,-B8/Rules!$B$5)) | H8: =IF(B8="","",C8-Rules!$B$3) | I8: SAMPLE | J8: =IF(B8="","",IF(C8<=E8,"BREACH: floor",IF(G8>=1,"BREACH: daily limit",IF(F8<Rules!$B$6*0.25,"Caution","OK"))))
A9: 46272 | B9: 650 | C9: =IF(B9="","",Rules!$B$3+SUM($B$5:B9)) | D9: =IF(B9="","",MAX(Rules!$B$3,MAX($C$5:C9))) | E9: =IF(B9="","",IF(Rules!$B$7="Static",Rules!$B$3-Rules!$B$6,IF(Rules!$B$8="Yes",MIN(Rules!$B$3,D9-Rules!$B$6),D9-Rules!$B$6))) | F9: =IF(B9="","",C9-E9) | G9: =IF(B9="","",IF(OR(Rules!$B$5=0,B9>=0),0,-B9/Rules!$B$5)) | H9: =IF(B9="","",C9-Rules!$B$3) | I9: SAMPLE | J9: =IF(B9="","",IF(C9<=E9,"BREACH: floor",IF(G9>=1,"BREACH: daily limit",IF(F9<Rules!$B$6*0.25,"Caution","OK"))))
A10: 46273 | B10: 1200 | C10: =IF(B10="","",Rules!$B$3+SUM($B$5:B10)) | D10: =IF(B10="","",MAX(Rules!$B$3,MAX($C$5:C10))) | E10: =IF(B10="","",IF(Rules!$B$7="Static",Rules!$B$3-Rules!$B$6,IF(Rules!$B$8="Yes",MIN(Rules!$B$3,D10-Rules!$B$6),D10-Rules!$B$6))) | F10: =IF(B10="","",C10-E10) | G10: =IF(B10="","",IF(OR(Rules!$B$5=0,B10>=0),0,-B10/Rules!$B$5)) | H10: =IF(B10="","",C10-Rules!$B$3) | I10: SAMPLE | J10: =IF(B10="","",IF(C10<=E10,"BREACH: floor",IF(G10>=1,"BREACH: daily limit",IF(F10<Rules!$B$6*0.25,"Caution","OK"))))
A11: 46274 | B11: -450 | C11: =IF(B11="","",Rules!$B$3+SUM($B$5:B11)) | D11: =IF(B11="","",MAX(Rules!$B$3,MAX($C$5:C11))) | E11: =IF(B11="","",IF(Rules!$B$7="Static",Rules!$B$3-Rules!$B$6,IF(Rules!$B$8="Yes",MIN(Rules!$B$3,D11-Rules!$B$6),D11-Rules!$B$6))) | F11: =IF(B11="","",C11-E11) | G11: =IF(B11="","",IF(OR(Rules!$B$5=0,B11>=0),0,-B11/Rules!$B$5)) | H11: =IF(B11="","",C11-Rules!$B$3) | I11: SAMPLE | J11: =IF(B11="","",IF(C11<=E11,"BREACH: floor",IF(G11>=1,"BREACH: daily limit",IF(F11<Rules!$B$6*0.25,"Caution","OK"))))
A12: 46275 | B12: 300 | C12: =IF(B12="","",Rules!$B$3+SUM($B$5:B12)) | D12: =IF(B12="","",MAX(Rules!$B$3,MAX($C$5:C12))) | E12: =IF(B12="","",IF(Rules!$B$7="Static",Rules!$B$3-Rules!$B$6,IF(Rules!$B$8="Yes",MIN(Rules!$B$3,D12-Rules!$B$6),D12-Rules!$B$6))) | F12: =IF(B12="","",C12-E12) | G12: =IF(B12="","",IF(OR(Rules!$B$5=0,B12>=0),0,-B12/Rules!$B$5)) | H12: =IF(B12="","",C12-Rules!$B$3) | I12: SAMPLE | J12: =IF(B12="","",IF(C12<=E12,"BREACH: floor",IF(G12>=1,"BREACH: daily limit",IF(F12<Rules!$B$6*0.25,"Caution","OK"))))
C13: =IF(B13="","",Rules!$B$3+SUM($B$5:B13)) | D13: =IF(B13="","",MAX(Rules!$B$3,MAX($C$5:C13))) | E13: =IF(B13="","",IF(Rules!$B$7="Static",Rules!$B$3-Rules!$B$6,IF(Rules!$B$8="Yes",MIN(Rules!$B$3,D13-Rules!$B$6),D13-Rules!$B$6))) | F13: =IF(B13="","",C13-E13) | G13: =IF(B13="","",IF(OR(Rules!$B$5=0,B13>=0),0,-B13/Rules!$B$5)) | H13: =IF(B13="","",C13-Rules!$B$3) | J13: =IF(B13="","",IF(C13<=E13,"BREACH: floor",IF(G13>=1,"BREACH: daily limit",IF(F13<Rules!$B$6*0.25,"Caution","OK"))))
C14: =IF(B14="","",Rules!$B$3+SUM($B$5:B14)) | D14: =IF(B14="","",MAX(Rules!$B$3,MAX($C$5:C14))) | E14: =IF(B14="","",IF(Rules!$B$7="Static",Rules!$B$3-Rules!$B$6,IF(Rules!$B$8="Yes",MIN(Rules!$B$3,D14-Rules!$B$6),D14-Rules!$B$6))) | F14: =IF(B14="","",C14-E14) | G14: =IF(B14="","",IF(OR(Rules!$B$5=0,B14>=0),0,-B14/Rules!$B$5)) | H14: =IF(B14="","",C14-Rules!$B$3) | J14: =IF(B14="","",IF(C14<=E14,"BREACH: floor",IF(G14>=1,"BREACH: daily limit",IF(F14<Rules!$B$6*0.25,"Caution","OK"))))
C15: =IF(B15="","",Rules!$B$3+SUM($B$5:B15)) | D15: =IF(B15="","",MAX(Rules!$B$3,MAX($C$5:C15))) | E15: =IF(B15="","",IF(Rules!$B$7="Static",Rules!$B$3-Rules!$B$6,IF(Rules!$B$8="Yes",MIN(Rules!$B$3,D15-Rules!$B$6),D15-Rules!$B$6))) | F15: =IF(B15="","",C15-E15) | G15: =IF(B15="","",IF(OR(Rules!$B$5=0,B15>=0),0,-B15/Rules!$B$5)) | H15: =IF(B15="","",C15-Rules!$B$3) | J15: =IF(B15="","",IF(C15<=E15,"BREACH: floor",IF(G15>=1,"BREACH: daily limit",IF(F15<Rules!$B$6*0.25,"Caution","OK"))))
C16: =IF(B16="","",Rules!$B$3+SUM($B$5:B16)) | D16: =IF(B16="","",MAX(Rules!$B$3,MAX($C$5:C16))) | E16: =IF(B16="","",IF(Rules!$B$7="Static",Rules!$B$3-Rules!$B$6,IF(Rules!$B$8="Yes",MIN(Rules!$B$3,D16-Rules!$B$6),D16-Rules!$B$6))) | F16: =IF(B16="","",C16-E16) | G16: =IF(B16="","",IF(OR(Rules!$B$5=0,B16>=0),0,-B16/Rules!$B$5)) | H16: =IF(B16="","",C16-Rules!$B$3) | J16: =IF(B16="","",IF(C16<=E16,"BREACH: floor",IF(G16>=1,"BREACH: daily limit",IF(F16<Rules!$B$6*0.25,"Caution","OK"))))
C17: =IF(B17="","",Rules!$B$3+SUM($B$5:B17)) | D17: =IF(B17="","",MAX(Rules!$B$3,MAX($C$5:C17))) | E17: =IF(B17="","",IF(Rules!$B$7="Static",Rules!$B$3-Rules!$B$6,IF(Rules!$B$8="Yes",MIN(Rules!$B$3,D17-Rules!$B$6),D17-Rules!$B$6))) | F17: =IF(B17="","",C17-E17) | G17: =IF(B17="","",IF(OR(Rules!$B$5=0,B17>=0),0,-B17/Rules!$B$5)) | H17: =IF(B17="","",C17-Rules!$B$3) | J17: =IF(B17="","",IF(C17<=E17,"BREACH: floor",IF(G17>=1,"BREACH: daily limit",IF(F17<Rules!$B$6*0.25,"Caution","OK"))))
C18: =IF(B18="","",Rules!$B$3+SUM($B$5:B18)) | D18: =IF(B18="","",MAX(Rules!$B$3,MAX($C$5:C18))) | E18: =IF(B18="","",IF(Rules!$B$7="Static",Rules!$B$3-Rules!$B$6,IF(Rules!$B$8="Yes",MIN(Rules!$B$3,D18-Rules!$B$6),D18-Rules!$B$6))) | F18: =IF(B18="","",C18-E18) | G18: =IF(B18="","",IF(OR(Rules!$B$5=0,B18>=0),0,-B18/Rules!$B$5)) | H18: =IF(B18="","",C18-Rules!$B$3) | J18: =IF(B18="","",IF(C18<=E18,"BREACH: floor",IF(G18>=1,"BREACH: daily limit",IF(F18<Rules!$B$6*0.25,"Caution","OK"))))
C19: =IF(B19="","",Rules!$B$3+SUM($B$5:B19)) | D19: =IF(B19="","",MAX(Rules!$B$3,MAX($C$5:C19))) | E19: =IF(B19="","",IF(Rules!$B$7="Static",Rules!$B$3-Rules!$B$6,IF(Rules!$B$8="Yes",MIN(Rules!$B$3,D19-Rules!$B$6),D19-Rules!$B$6))) | F19: =IF(B19="","",C19-E19) | G19: =IF(B19="","",IF(OR(Rules!$B$5=0,B19>=0),0,-B19/Rules!$B$5)) | H19: =IF(B19="","",C19-Rules!$B$3) | J19: =IF(B19="","",IF(C19<=E19,"BREACH: floor",IF(G19>=1,"BREACH: daily limit",IF(F19<Rules!$B$6*0.25,"Caution","OK"))))
C20: =IF(B20="","",Rules!$B$3+SUM($B$5:B20)) | D20: =IF(B20="","",MAX(Rules!$B$3,MAX($C$5:C20))) | E20: =IF(B20="","",IF(Rules!$B$7="Static",Rules!$B$3-Rules!$B$6,IF(Rules!$B$8="Yes",MIN(Rules!$B$3,D20-Rules!$B$6),D20-Rules!$B$6))) | F20: =IF(B20="","",C20-E20) | G20: =IF(B20="","",IF(OR(Rules!$B$5=0,B20>=0),0,-B20/Rules!$B$5)) | H20: =IF(B20="","",C20-Rules!$B$3) | J20: =IF(B20="","",IF(C20<=E20,"BREACH: floor",IF(G20>=1,"BREACH: daily limit",IF(F20<Rules!$B$6*0.25,"Caution","OK"))))
C21: =IF(B21="","",Rules!$B$3+SUM($B$5:B21)) | D21: =IF(B21="","",MAX(Rules!$B$3,MAX($C$5:C21))) | E21: =IF(B21="","",IF(Rules!$B$7="Static",Rules!$B$3-Rules!$B$6,IF(Rules!$B$8="Yes",MIN(Rules!$B$3,D21-Rules!$B$6),D21-Rules!$B$6))) | F21: =IF(B21="","",C21-E21) | G21: =IF(B21="","",IF(OR(Rules!$B$5=0,B21>=0),0,-B21/Rules!$B$5)) | H21: =IF(B21="","",C21-Rules!$B$3) | J21: =IF(B21="","",IF(C21<=E21,"BREACH: floor",IF(G21>=1,"BREACH: daily limit",IF(F21<Rules!$B$6*0.25,"Caution","OK"))))
C22: =IF(B22="","",Rules!$B$3+SUM($B$5:B22)) | D22: =IF(B22="","",MAX(Rules!$B$3,MAX($C$5:C22))) | E22: =IF(B22="","",IF(Rules!$B$7="Static",Rules!$B$3-Rules!$B$6,IF(Rules!$B$8="Yes",MIN(Rules!$B$3,D22-Rules!$B$6),D22-Rules!$B$6))) | F22: =IF(B22="","",C22-E22) | G22: =IF(B22="","",IF(OR(Rules!$B$5=0,B22>=0),0,-B22/Rules!$B$5)) | H22: =IF(B22="","",C22-Rules!$B$3) | J22: =IF(B22="","",IF(C22<=E22,"BREACH: floor",IF(G22>=1,"BREACH: daily limit",IF(F22<Rules!$B$6*0.25,"Caution","OK"))))
C23: =IF(B23="","",Rules!$B$3+SUM($B$5:B23)) | D23: =IF(B23="","",MAX(Rules!$B$3,MAX($C$5:C23))) | E23: =IF(B23="","",IF(Rules!$B$7="Static",Rules!$B$3-Rules!$B$6,IF(Rules!$B$8="Yes",MIN(Rules!$B$3,D23-Rules!$B$6),D23-Rules!$B$6))) | F23: =IF(B23="","",C23-E23) | G23: =IF(B23="","",IF(OR(Rules!$B$5=0,B23>=0),0,-B23/Rules!$B$5)) | H23: =IF(B23="","",C23-Rules!$B$3) | J23: =IF(B23="","",IF(C23<=E23,"BREACH: floor",IF(G23>=1,"BREACH: daily limit",IF(F23<Rules!$B$6*0.25,"Caution","OK"))))
C24: =IF(B24="","",Rules!$B$3+SUM($B$5:B24)) | D24: =IF(B24="","",MAX(Rules!$B$3,MAX($C$5:C24))) | E24: =IF(B24="","",IF(Rules!$B$7="Static",Rules!$B$3-Rules!$B$6,IF(Rules!$B$8="Yes",MIN(Rules!$B$3,D24-Rules!$B$6),D24-Rules!$B$6))) | F24: =IF(B24="","",C24-E24) | G24: =IF(B24="","",IF(OR(Rules!$B$5=0,B24>=0),0,-B24/Rules!$B$5)) | H24: =IF(B24="","",C24-Rules!$B$3) | J24: =IF(B24="","",IF(C24<=E24,"BREACH: floor",IF(G24>=1,"BREACH: daily limit",IF(F24<Rules!$B$6*0.25,"Caution","OK"))))
... C204: =IF(B204="","",Rules!$B$3+SUM($B$5:B204)) | D204: =IF(B204="","",MAX(Rules!$B$3,MAX($C$5:C204))) | E204: =IF(B204="","",IF(Rules!$B$7="Static",Rules!$B$3-Rules!$B$6,IF(Rules!$B$8="Yes",MIN(Rules!$B$3,D204-Rules!$B$6),D204-Rules!$B$6))) | F204: =IF(B204="","",C204-E204) | G204: =IF(B204="","",IF(OR(Rules!$B$5=0,B204>=0),0,-B204/Rules!$B$5)) | H204: =IF(B204="","",C204-Rules!$B$3) | J204: =IF(B204="","",IF(C204<=E204,"BREACH: floor",IF(G204>=1,"BREACH: daily limit",IF(F204<Rules!$B$6*0.25,"Caution","OK"))))
