Workbook

Sheet Start here
B2: Options Day Trader Journal
B3: A plain trade journal that works out your win rate, expectancy, profit factor and drawdown for you.
B5: How to use it
B6: 1. Go to the 'Journal' tab. Add one row per trade. Fill only the yellow cells.
B7: 2. Planned risk ($) is the most you were willing to lose on the trade BEFORE you entered (for a long option, usually the premium paid).
B8: 3. Multiplier is 100 for US stock options, 1 for shares. Fees is your total commission and fees for the round trip.
B9: 4. P&L ($), R-multiple, win/loss and the running total fill in by themselves. Do not type in the grey cells.
B10: 5. 'Stats' shows the whole picture. 'Calendar' shows each day's P&L for the month you choose. 'By Setup' splits results by setup tag.
B11: 6. The Journal has room for 500 trades. To add more, copy the last row's formulas down (every grey cell).
B13: Words used
B14: R-multiple: your P&L divided by the risk you planned. +1R means you made what you risked; -1R means you lost all of it.
B15: Expectancy: the average R (or $) you make per trade. Positive means the sample is profitable after fees.
... B22: Built with AI assistance (Claude) and tested by recalculating every formula.

Sheet Journal
A1: Date | B1: Symbol | C1: Setup tag | D1: Direction | E1: Entry price | F1: Exit price | G1: Contracts / shares | H1: Multiplier | I1: Fees ($) | J1: Planned risk ($) | K1: Notes | L1: P&L ($) | M1: R-multiple | N1: Result | O1: Running P&L ($) | P1: Peak ($) | Q1: Drawdown ($) | S1: win streak (helper) | T1: loss streak (helper)
A2: 46300 | B2: SPY | C2: ORB | D2: Long | E2: 1.2 | F2: 1.85 | G2: 2 | H2: 100 | I2: 2 | J2: 240 | K2: SAMPLE: delete me | L2: =IF(OR(E2="",F2=""),"",ROUND(IF(D2="Short",E2-F2,F2-E2)*G2*H2-I2,2)) | M2: =IF(OR(L2="",N(J2)<=0),"",L2/J2) | N2: =IF(L2="","",IF(L2>0,"Win",IF(L2<0,"Loss","Flat"))) | O2: =IF(L2="","",SUM($L$2:L2)) | P2: =IF(L2="","",MAX(0,MAX($O$2:O2))) | Q2: =IF(L2="","",P2-O2) | S2: =IF(N2="Win",1,0) | T2: =IF(N2="Loss",1,0)
A3: 46300 | B3: QQQ | C3: Reversal | D3: Long | E3: 2.1 | F3: 1.4 | G3: 1 | H3: 100 | I3: 1 | J3: 210 | K3: SAMPLE | L3: =IF(OR(E3="",F3=""),"",ROUND(IF(D3="Short",E3-F3,F3-E3)*G3*H3-I3,2)) | M3: =IF(OR(L3="",N(J3)<=0),"",L3/J3) | N3: =IF(L3="","",IF(L3>0,"Win",IF(L3<0,"Loss","Flat"))) | O3: =IF(L3="","",SUM($L$2:L3)) | P3: =IF(L3="","",MAX(0,MAX($O$2:O3))) | Q3: =IF(L3="","",P3-O3) | S3: =IF(N3="Win",N(S2)+1,0) | T3: =IF(N3="Loss",N(T2)+1,0)
A4: 46301 | B4: SPY | C4: ORB | D4: Short | E4: 1.5 | F4: 2.3 | G4: 2 | H4: 100 | I4: 2 | J4: 300 | K4: SAMPLE | L4: =IF(OR(E4="",F4=""),"",ROUND(IF(D4="Short",E4-F4,F4-E4)*G4*H4-I4,2)) | M4: =IF(OR(L4="",N(J4)<=0),"",L4/J4) | N4: =IF(L4="","",IF(L4>0,"Win",IF(L4<0,"Loss","Flat"))) | O4: =IF(L4="","",SUM($L$2:L4)) | P4: =IF(L4="","",MAX(0,MAX($O$2:O4))) | Q4: =IF(L4="","",P4-O4) | S4: =IF(N4="Win",N(S3)+1,0) | T4: =IF(N4="Loss",N(T3)+1,0)
A5: 46302 | B5: SPY | C5: Vertical | D5: Long | E5: 0.8 | F5: 0.55 | G5: 3 | H5: 100 | I5: 3 | J5: 240 | K5: SAMPLE | L5: =IF(OR(E5="",F5=""),"",ROUND(IF(D5="Short",E5-F5,F5-E5)*G5*H5-I5,2)) | M5: =IF(OR(L5="",N(J5)<=0),"",L5/J5) | N5: =IF(L5="","",IF(L5>0,"Win",IF(L5<0,"Loss","Flat"))) | O5: =IF(L5="","",SUM($L$2:L5)) | P5: =IF(L5="","",MAX(0,MAX($O$2:O5))) | Q5: =IF(L5="","",P5-O5) | S5: =IF(N5="Win",N(S4)+1,0) | T5: =IF(N5="Loss",N(T4)+1,0)
A6: 46303 | B6: QQQ | C6: ORB | D6: Long | E6: 1 | F6: 1.9 | G6: 2 | H6: 100 | I6: 2 | J6: 200 | K6: SAMPLE | L6: =IF(OR(E6="",F6=""),"",ROUND(IF(D6="Short",E6-F6,F6-E6)*G6*H6-I6,2)) | M6: =IF(OR(L6="",N(J6)<=0),"",L6/J6) | N6: =IF(L6="","",IF(L6>0,"Win",IF(L6<0,"Loss","Flat"))) | O6: =IF(L6="","",SUM($L$2:L6)) | P6: =IF(L6="","",MAX(0,MAX($O$2:O6))) | Q6: =IF(L6="","",P6-O6) | S6: =IF(N6="Win",N(S5)+1,0) | T6: =IF(N6="Loss",N(T5)+1,0)
L7: =IF(OR(E7="",F7=""),"",ROUND(IF(D7="Short",E7-F7,F7-E7)*G7*H7-I7,2)) | M7: =IF(OR(L7="",N(J7)<=0),"",L7/J7) | N7: =IF(L7="","",IF(L7>0,"Win",IF(L7<0,"Loss","Flat"))) | O7: =IF(L7="","",SUM($L$2:L7)) | P7: =IF(L7="","",MAX(0,MAX($O$2:O7))) | Q7: =IF(L7="","",P7-O7) | S7: =IF(N7="Win",N(S6)+1,0) | T7: =IF(N7="Loss",N(T6)+1,0)
L8: =IF(OR(E8="",F8=""),"",ROUND(IF(D8="Short",E8-F8,F8-E8)*G8*H8-I8,2)) | M8: =IF(OR(L8="",N(J8)<=0),"",L8/J8) | N8: =IF(L8="","",IF(L8>0,"Win",IF(L8<0,"Loss","Flat"))) | O8: =IF(L8="","",SUM($L$2:L8)) | P8: =IF(L8="","",MAX(0,MAX($O$2:O8))) | Q8: =IF(L8="","",P8-O8) | S8: =IF(N8="Win",N(S7)+1,0) | T8: =IF(N8="Loss",N(T7)+1,0)
L9: =IF(OR(E9="",F9=""),"",ROUND(IF(D9="Short",E9-F9,F9-E9)*G9*H9-I9,2)) | M9: =IF(OR(L9="",N(J9)<=0),"",L9/J9) | N9: =IF(L9="","",IF(L9>0,"Win",IF(L9<0,"Loss","Flat"))) | O9: =IF(L9="","",SUM($L$2:L9)) | P9: =IF(L9="","",MAX(0,MAX($O$2:O9))) | Q9: =IF(L9="","",P9-O9) | S9: =IF(N9="Win",N(S8)+1,0) | T9: =IF(N9="Loss",N(T8)+1,0)
L10: =IF(OR(E10="",F10=""),"",ROUND(IF(D10="Short",E10-F10,F10-E10)*G10*H10-I10,2)) | M10: =IF(OR(L10="",N(J10)<=0),"",L10/J10) | N10: =IF(L10="","",IF(L10>0,"Win",IF(L10<0,"Loss","Flat"))) | O10: =IF(L10="","",SUM($L$2:L10)) | P10: =IF(L10="","",MAX(0,MAX($O$2:O10))) | Q10: =IF(L10="","",P10-O10) | S10: =IF(N10="Win",N(S9)+1,0) | T10: =IF(N10="Loss",N(T9)+1,0)
L11: =IF(OR(E11="",F11=""),"",ROUND(IF(D11="Short",E11-F11,F11-E11)*G11*H11-I11,2)) | M11: =IF(OR(L11="",N(J11)<=0),"",L11/J11) | N11: =IF(L11="","",IF(L11>0,"Win",IF(L11<0,"Loss","Flat"))) | O11: =IF(L11="","",SUM($L$2:L11)) | P11: =IF(L11="","",MAX(0,MAX($O$2:O11))) | Q11: =IF(L11="","",P11-O11) | S11: =IF(N11="Win",N(S10)+1,0) | T11: =IF(N11="Loss",N(T10)+1,0)
L12: =IF(OR(E12="",F12=""),"",ROUND(IF(D12="Short",E12-F12,F12-E12)*G12*H12-I12,2)) | M12: =IF(OR(L12="",N(J12)<=0),"",L12/J12) | N12: =IF(L12="","",IF(L12>0,"Win",IF(L12<0,"Loss","Flat"))) | O12: =IF(L12="","",SUM($L$2:L12)) | P12: =IF(L12="","",MAX(0,MAX($O$2:O12))) | Q12: =IF(L12="","",P12-O12) | S12: =IF(N12="Win",N(S11)+1,0) | T12: =IF(N12="Loss",N(T11)+1,0)
L13: =IF(OR(E13="",F13=""),"",ROUND(IF(D13="Short",E13-F13,F13-E13)*G13*H13-I13,2)) | M13: =IF(OR(L13="",N(J13)<=0),"",L13/J13) | N13: =IF(L13="","",IF(L13>0,"Win",IF(L13<0,"Loss","Flat"))) | O13: =IF(L13="","",SUM($L$2:L13)) | P13: =IF(L13="","",MAX(0,MAX($O$2:O13))) | Q13: =IF(L13="","",P13-O13) | S13: =IF(N13="Win",N(S12)+1,0) | T13: =IF(N13="Loss",N(T12)+1,0)
L14: =IF(OR(E14="",F14=""),"",ROUND(IF(D14="Short",E14-F14,F14-E14)*G14*H14-I14,2)) | M14: =IF(OR(L14="",N(J14)<=0),"",L14/J14) | N14: =IF(L14="","",IF(L14>0,"Win",IF(L14<0,"Loss","Flat"))) | O14: =IF(L14="","",SUM($L$2:L14)) | P14: =IF(L14="","",MAX(0,MAX($O$2:O14))) | Q14: =IF(L14="","",P14-O14) | S14: =IF(N14="Win",N(S13)+1,0) | T14: =IF(N14="Loss",N(T13)+1,0)
L15: =IF(OR(E15="",F15=""),"",ROUND(IF(D15="Short",E15-F15,F15-E15)*G15*H15-I15,2)) | M15: =IF(OR(L15="",N(J15)<=0),"",L15/J15) | N15: =IF(L15="","",IF(L15>0,"Win",IF(L15<0,"Loss","Flat"))) | O15: =IF(L15="","",SUM($L$2:L15)) | P15: =IF(L15="","",MAX(0,MAX($O$2:O15))) | Q15: =IF(L15="","",P15-O15) | S15: =IF(N15="Win",N(S14)+1,0) | T15: =IF(N15="Loss",N(T14)+1,0)
L16: =IF(OR(E16="",F16=""),"",ROUND(IF(D16="Short",E16-F16,F16-E16)*G16*H16-I16,2)) | M16: =IF(OR(L16="",N(J16)<=0),"",L16/J16) | N16: =IF(L16="","",IF(L16>0,"Win",IF(L16<0,"Loss","Flat"))) | O16: =IF(L16="","",SUM($L$2:L16)) | P16: =IF(L16="","",MAX(0,MAX($O$2:O16))) | Q16: =IF(L16="","",P16-O16) | S16: =IF(N16="Win",N(S15)+1,0) | T16: =IF(N16="Loss",N(T15)+1,0)
L17: =IF(OR(E17="",F17=""),"",ROUND(IF(D17="Short",E17-F17,F17-E17)*G17*H17-I17,2)) | M17: =IF(OR(L17="",N(J17)<=0),"",L17/J17) | N17: =IF(L17="","",IF(L17>0,"Win",IF(L17<0,"Loss","Flat"))) | O17: =IF(L17="","",SUM($L$2:L17)) | P17: =IF(L17="","",MAX(0,MAX($O$2:O17))) | Q17: =IF(L17="","",P17-O17) | S17: =IF(N17="Win",N(S16)+1,0) | T17: =IF(N17="Loss",N(T16)+1,0)
L18: =IF(OR(E18="",F18=""),"",ROUND(IF(D18="Short",E18-F18,F18-E18)*G18*H18-I18,2)) | M18: =IF(OR(L18="",N(J18)<=0),"",L18/J18) | N18: =IF(L18="","",IF(L18>0,"Win",IF(L18<0,"Loss","Flat"))) | O18: =IF(L18="","",SUM($L$2:L18)) | P18: =IF(L18="","",MAX(0,MAX($O$2:O18))) | Q18: =IF(L18="","",P18-O18) | S18: =IF(N18="Win",N(S17)+1,0) | T18: =IF(N18="Loss",N(T17)+1,0)
... L501: =IF(OR(E501="",F501=""),"",ROUND(IF(D501="Short",E501-F501,F501-E501)*G501*H501-I501,2)) | M501: =IF(OR(L501="",N(J501)<=0),"",L501/J501) | N501: =IF(L501="","",IF(L501>0,"Win",IF(L501<0,"Loss","Flat"))) | O501: =IF(L501="","",SUM($L$2:L501)) | P501: =IF(L501="","",MAX(0,MAX($O$2:O501))) | Q501: =IF(L501="","",P501-O501) | S501: =IF(N501="Win",N(S500)+1,0) | T501: =IF(N501="Loss",N(T500)+1,0)

Sheet Stats
A1: Stats (all trades in the Journal)
A3: Trades | B3: =COUNT(Journal!$L$2:$L$501) | C3: Rows with an entry and exit price
A4: Wins | B4: =COUNTIF(Journal!$N$2:$N$501,"Win")
A5: Losses | B5: =COUNTIF(Journal!$N$2:$N$501,"Loss")
A6: Win rate | B6: =IF(B3=0,"",B4/B3) | C6: Wins divided by trades
A7: Total P&L ($) | B7: =SUM(Journal!$L$2:$L$501) | C7: After fees
A8: Average win ($) | B8: =IFERROR(AVERAGEIF(Journal!$L$2:$L$501,">0"),"")
A9: Average loss ($) | B9: =IFERROR(AVERAGEIF(Journal!$L$2:$L$501,"<0"),"")
A10: Payoff ratio | B10: =IFERROR(B8/ABS(B9),"") | C10: Average win divided by average loss
A11: Expectancy per trade ($) | B11: =IF(B3=0,"",B7/B3) | C11: Average P&L per trade
A12: Expectancy per trade (R) | B12: =IFERROR(AVERAGE(Journal!$M$2:$M$501),"") | C12: Average R on trades that have planned risk
A13: Profit factor | B13: =IFERROR(SUMIF(Journal!$L$2:$L$501,">0")/ABS(SUMIF(Journal!$L$2:$L$501,"<0")),"") | C13: Gross wins divided by gross losses (needs at least one loss)
A14: Best trade ($) | B14: =IF(B3=0,"",MAX(Journal!$L$2:$L$501))
A15: Worst trade ($) | B15: =IF(B3=0,"",MIN(Journal!$L$2:$L$501))
A16: Max drawdown ($) | B16: =IF(B3=0,"",MAX(Journal!$Q$2:$Q$501)) | C16: Largest fall from a running-P&L peak
A17: Average planned risk ($) | B17: =IFERROR(AVERAGEIF(Journal!$J$2:$J$501,">0"),"")
A18: Total fees paid ($) | B18: =SUM(Journal!$I$2:$I$501)
A21: Longest win streak | B21: =MAX(Journal!$S$2:$S$501)
A22: Longest losing streak | B22: =MAX(Journal!$T$2:$T$501)

Sheet By Setup
A1: Setup tag | B1: Trades | C1: Win rate | D1: Total P&L ($) | E1: Expectancy ($) | F1: Expectancy (R) | H1: Type your setup tags in column A (same spelling as the Journal). Sample tags are filled in.
A2: ORB | B2: =IF(A2="","",COUNTIFS(Journal!$C$2:$C$501,A2,Journal!$L$2:$L$501,"<>")) | C2: =IF(OR(A2="",N(B2)=0),"",COUNTIFS(Journal!$C$2:$C$501,A2,Journal!$N$2:$N$501,"Win")/B2) | D2: =IF(A2="","",SUMIFS(Journal!$L$2:$L$501,Journal!$C$2:$C$501,A2)) | E2: =IF(OR(A2="",N(B2)=0),"",D2/B2) | F2: =IF(OR(A2="",N(B2)=0),"",IFERROR(AVERAGEIFS(Journal!$M$2:$M$501,Journal!$C$2:$C$501,A2),""))
A3: Reversal | B3: =IF(A3="","",COUNTIFS(Journal!$C$2:$C$501,A3,Journal!$L$2:$L$501,"<>")) | C3: =IF(OR(A3="",N(B3)=0),"",COUNTIFS(Journal!$C$2:$C$501,A3,Journal!$N$2:$N$501,"Win")/B3) | D3: =IF(A3="","",SUMIFS(Journal!$L$2:$L$501,Journal!$C$2:$C$501,A3)) | E3: =IF(OR(A3="",N(B3)=0),"",D3/B3) | F3: =IF(OR(A3="",N(B3)=0),"",IFERROR(AVERAGEIFS(Journal!$M$2:$M$501,Journal!$C$2:$C$501,A3),""))
A4: Vertical | B4: =IF(A4="","",COUNTIFS(Journal!$C$2:$C$501,A4,Journal!$L$2:$L$501,"<>")) | C4: =IF(OR(A4="",N(B4)=0),"",COUNTIFS(Journal!$C$2:$C$501,A4,Journal!$N$2:$N$501,"Win")/B4) | D4: =IF(A4="","",SUMIFS(Journal!$L$2:$L$501,Journal!$C$2:$C$501,A4)) | E4: =IF(OR(A4="",N(B4)=0),"",D4/B4) | F4: =IF(OR(A4="",N(B4)=0),"",IFERROR(AVERAGEIFS(Journal!$M$2:$M$501,Journal!$C$2:$C$501,A4),""))
B5: =IF(A5="","",COUNTIFS(Journal!$C$2:$C$501,A5,Journal!$L$2:$L$501,"<>")) | C5: =IF(OR(A5="",N(B5)=0),"",COUNTIFS(Journal!$C$2:$C$501,A5,Journal!$N$2:$N$501,"Win")/B5) | D5: =IF(A5="","",SUMIFS(Journal!$L$2:$L$501,Journal!$C$2:$C$501,A5)) | E5: =IF(OR(A5="",N(B5)=0),"",D5/B5) | F5: =IF(OR(A5="",N(B5)=0),"",IFERROR(AVERAGEIFS(Journal!$M$2:$M$501,Journal!$C$2:$C$501,A5),""))
B6: =IF(A6="","",COUNTIFS(Journal!$C$2:$C$501,A6,Journal!$L$2:$L$501,"<>")) | C6: =IF(OR(A6="",N(B6)=0),"",COUNTIFS(Journal!$C$2:$C$501,A6,Journal!$N$2:$N$501,"Win")/B6) | D6: =IF(A6="","",SUMIFS(Journal!$L$2:$L$501,Journal!$C$2:$C$501,A6)) | E6: =IF(OR(A6="",N(B6)=0),"",D6/B6) | F6: =IF(OR(A6="",N(B6)=0),"",IFERROR(AVERAGEIFS(Journal!$M$2:$M$501,Journal!$C$2:$C$501,A6),""))
B7: =IF(A7="","",COUNTIFS(Journal!$C$2:$C$501,A7,Journal!$L$2:$L$501,"<>")) | C7: =IF(OR(A7="",N(B7)=0),"",COUNTIFS(Journal!$C$2:$C$501,A7,Journal!$N$2:$N$501,"Win")/B7) | D7: =IF(A7="","",SUMIFS(Journal!$L$2:$L$501,Journal!$C$2:$C$501,A7)) | E7: =IF(OR(A7="",N(B7)=0),"",D7/B7) | F7: =IF(OR(A7="",N(B7)=0),"",IFERROR(AVERAGEIFS(Journal!$M$2:$M$501,Journal!$C$2:$C$501,A7),""))
B8: =IF(A8="","",COUNTIFS(Journal!$C$2:$C$501,A8,Journal!$L$2:$L$501,"<>")) | C8: =IF(OR(A8="",N(B8)=0),"",COUNTIFS(Journal!$C$2:$C$501,A8,Journal!$N$2:$N$501,"Win")/B8) | D8: =IF(A8="","",SUMIFS(Journal!$L$2:$L$501,Journal!$C$2:$C$501,A8)) | E8: =IF(OR(A8="",N(B8)=0),"",D8/B8) | F8: =IF(OR(A8="",N(B8)=0),"",IFERROR(AVERAGEIFS(Journal!$M$2:$M$501,Journal!$C$2:$C$501,A8),""))
B9: =IF(A9="","",COUNTIFS(Journal!$C$2:$C$501,A9,Journal!$L$2:$L$501,"<>")) | C9: =IF(OR(A9="",N(B9)=0),"",COUNTIFS(Journal!$C$2:$C$501,A9,Journal!$N$2:$N$501,"Win")/B9) | D9: =IF(A9="","",SUMIFS(Journal!$L$2:$L$501,Journal!$C$2:$C$501,A9)) | E9: =IF(OR(A9="",N(B9)=0),"",D9/B9) | F9: =IF(OR(A9="",N(B9)=0),"",IFERROR(AVERAGEIFS(Journal!$M$2:$M$501,Journal!$C$2:$C$501,A9),""))
B10: =IF(A10="","",COUNTIFS(Journal!$C$2:$C$501,A10,Journal!$L$2:$L$501,"<>")) | C10: =IF(OR(A10="",N(B10)=0),"",COUNTIFS(Journal!$C$2:$C$501,A10,Journal!$N$2:$N$501,"Win")/B10) | D10: =IF(A10="","",SUMIFS(Journal!$L$2:$L$501,Journal!$C$2:$C$501,A10)) | E10: =IF(OR(A10="",N(B10)=0),"",D10/B10) | F10: =IF(OR(A10="",N(B10)=0),"",IFERROR(AVERAGEIFS(Journal!$M$2:$M$501,Journal!$C$2:$C$501,A10),""))
B11: =IF(A11="","",COUNTIFS(Journal!$C$2:$C$501,A11,Journal!$L$2:$L$501,"<>")) | C11: =IF(OR(A11="",N(B11)=0),"",COUNTIFS(Journal!$C$2:$C$501,A11,Journal!$N$2:$N$501,"Win")/B11) | D11: =IF(A11="","",SUMIFS(Journal!$L$2:$L$501,Journal!$C$2:$C$501,A11)) | E11: =IF(OR(A11="",N(B11)=0),"",D11/B11) | F11: =IF(OR(A11="",N(B11)=0),"",IFERROR(AVERAGEIFS(Journal!$M$2:$M$501,Journal!$C$2:$C$501,A11),""))

Sheet Calendar
A1: Month to show (type the first day of the month): | E1: 46296
A3: Week of | B3: Mon | C3: Tue | D3: Wed | E3: Thu | F3: Fri | G3: Week total
A4: =$E$1-WEEKDAY($E$1,3)+0 | B4: =IF(MONTH(($A4+0))=MONTH($E$1),DAY(($A4+0)),"") | C4: =IF(MONTH(($A4+1))=MONTH($E$1),DAY(($A4+1)),"") | D4: =IF(MONTH(($A4+2))=MONTH($E$1),DAY(($A4+2)),"") | E4: =IF(MONTH(($A4+3))=MONTH($E$1),DAY(($A4+3)),"") | F4: =IF(MONTH(($A4+4))=MONTH($E$1),DAY(($A4+4)),"")
B5: =IF(MONTH(($A4+0))<>MONTH($E$1),"",IF(COUNTIF(Journal!$A$2:$A$501,($A4+0))=0,"",SUMIFS(Journal!$L$2:$L$501,Journal!$A$2:$A$501,($A4+0)))) | C5: =IF(MONTH(($A4+1))<>MONTH($E$1),"",IF(COUNTIF(Journal!$A$2:$A$501,($A4+1))=0,"",SUMIFS(Journal!$L$2:$L$501,Journal!$A$2:$A$501,($A4+1)))) | D5: =IF(MONTH(($A4+2))<>MONTH($E$1),"",IF(COUNTIF(Journal!$A$2:$A$501,($A4+2))=0,"",SUMIFS(Journal!$L$2:$L$501,Journal!$A$2:$A$501,($A4+2)))) | E5: =IF(MONTH(($A4+3))<>MONTH($E$1),"",IF(COUNTIF(Journal!$A$2:$A$501,($A4+3))=0,"",SUMIFS(Journal!$L$2:$L$501,Journal!$A$2:$A$501,($A4+3)))) | F5: =IF(MONTH(($A4+4))<>MONTH($E$1),"",IF(COUNTIF(Journal!$A$2:$A$501,($A4+4))=0,"",SUMIFS(Journal!$L$2:$L$501,Journal!$A$2:$A$501,($A4+4)))) | G5: =IF(COUNT(B5:F5)=0,"",SUM(B5:F5))
A6: =$E$1-WEEKDAY($E$1,3)+7 | B6: =IF(MONTH(($A6+0))=MONTH($E$1),DAY(($A6+0)),"") | C6: =IF(MONTH(($A6+1))=MONTH($E$1),DAY(($A6+1)),"") | D6: =IF(MONTH(($A6+2))=MONTH($E$1),DAY(($A6+2)),"") | E6: =IF(MONTH(($A6+3))=MONTH($E$1),DAY(($A6+3)),"") | F6: =IF(MONTH(($A6+4))=MONTH($E$1),DAY(($A6+4)),"")
B7: =IF(MONTH(($A6+0))<>MONTH($E$1),"",IF(COUNTIF(Journal!$A$2:$A$501,($A6+0))=0,"",SUMIFS(Journal!$L$2:$L$501,Journal!$A$2:$A$501,($A6+0)))) | C7: =IF(MONTH(($A6+1))<>MONTH($E$1),"",IF(COUNTIF(Journal!$A$2:$A$501,($A6+1))=0,"",SUMIFS(Journal!$L$2:$L$501,Journal!$A$2:$A$501,($A6+1)))) | D7: =IF(MONTH(($A6+2))<>MONTH($E$1),"",IF(COUNTIF(Journal!$A$2:$A$501,($A6+2))=0,"",SUMIFS(Journal!$L$2:$L$501,Journal!$A$2:$A$501,($A6+2)))) | E7: =IF(MONTH(($A6+3))<>MONTH($E$1),"",IF(COUNTIF(Journal!$A$2:$A$501,($A6+3))=0,"",SUMIFS(Journal!$L$2:$L$501,Journal!$A$2:$A$501,($A6+3)))) | F7: =IF(MONTH(($A6+4))<>MONTH($E$1),"",IF(COUNTIF(Journal!$A$2:$A$501,($A6+4))=0,"",SUMIFS(Journal!$L$2:$L$501,Journal!$A$2:$A$501,($A6+4)))) | G7: =IF(COUNT(B7:F7)=0,"",SUM(B7:F7))
A8: =$E$1-WEEKDAY($E$1,3)+14 | B8: =IF(MONTH(($A8+0))=MONTH($E$1),DAY(($A8+0)),"") | C8: =IF(MONTH(($A8+1))=MONTH($E$1),DAY(($A8+1)),"") | D8: =IF(MONTH(($A8+2))=MONTH($E$1),DAY(($A8+2)),"") | E8: =IF(MONTH(($A8+3))=MONTH($E$1),DAY(($A8+3)),"") | F8: =IF(MONTH(($A8+4))=MONTH($E$1),DAY(($A8+4)),"")
B9: =IF(MONTH(($A8+0))<>MONTH($E$1),"",IF(COUNTIF(Journal!$A$2:$A$501,($A8+0))=0,"",SUMIFS(Journal!$L$2:$L$501,Journal!$A$2:$A$501,($A8+0)))) | C9: =IF(MONTH(($A8+1))<>MONTH($E$1),"",IF(COUNTIF(Journal!$A$2:$A$501,($A8+1))=0,"",SUMIFS(Journal!$L$2:$L$501,Journal!$A$2:$A$501,($A8+1)))) | D9: =IF(MONTH(($A8+2))<>MONTH($E$1),"",IF(COUNTIF(Journal!$A$2:$A$501,($A8+2))=0,"",SUMIFS(Journal!$L$2:$L$501,Journal!$A$2:$A$501,($A8+2)))) | E9: =IF(MONTH(($A8+3))<>MONTH($E$1),"",IF(COUNTIF(Journal!$A$2:$A$501,($A8+3))=0,"",SUMIFS(Journal!$L$2:$L$501,Journal!$A$2:$A$501,($A8+3)))) | F9: =IF(MONTH(($A8+4))<>MONTH($E$1),"",IF(COUNTIF(Journal!$A$2:$A$501,($A8+4))=0,"",SUMIFS(Journal!$L$2:$L$501,Journal!$A$2:$A$501,($A8+4)))) | G9: =IF(COUNT(B9:F9)=0,"",SUM(B9:F9))
A10: =$E$1-WEEKDAY($E$1,3)+21 | B10: =IF(MONTH(($A10+0))=MONTH($E$1),DAY(($A10+0)),"") | C10: =IF(MONTH(($A10+1))=MONTH($E$1),DAY(($A10+1)),"") | D10: =IF(MONTH(($A10+2))=MONTH($E$1),DAY(($A10+2)),"") | E10: =IF(MONTH(($A10+3))=MONTH($E$1),DAY(($A10+3)),"") | F10: =IF(MONTH(($A10+4))=MONTH($E$1),DAY(($A10+4)),"")
B11: =IF(MONTH(($A10+0))<>MONTH($E$1),"",IF(COUNTIF(Journal!$A$2:$A$501,($A10+0))=0,"",SUMIFS(Journal!$L$2:$L$501,Journal!$A$2:$A$501,($A10+0)))) | C11: =IF(MONTH(($A10+1))<>MONTH($E$1),"",IF(COUNTIF(Journal!$A$2:$A$501,($A10+1))=0,"",SUMIFS(Journal!$L$2:$L$501,Journal!$A$2:$A$501,($A10+1)))) | D11: =IF(MONTH(($A10+2))<>MONTH($E$1),"",IF(COUNTIF(Journal!$A$2:$A$501,($A10+2))=0,"",SUMIFS(Journal!$L$2:$L$501,Journal!$A$2:$A$501,($A10+2)))) | E11: =IF(MONTH(($A10+3))<>MONTH($E$1),"",IF(COUNTIF(Journal!$A$2:$A$501,($A10+3))=0,"",SUMIFS(Journal!$L$2:$L$501,Journal!$A$2:$A$501,($A10+3)))) | F11: =IF(MONTH(($A10+4))<>MONTH($E$1),"",IF(COUNTIF(Journal!$A$2:$A$501,($A10+4))=0,"",SUMIFS(Journal!$L$2:$L$501,Journal!$A$2:$A$501,($A10+4)))) | G11: =IF(COUNT(B11:F11)=0,"",SUM(B11:F11))
A12: =$E$1-WEEKDAY($E$1,3)+28 | B12: =IF(MONTH(($A12+0))=MONTH($E$1),DAY(($A12+0)),"") | C12: =IF(MONTH(($A12+1))=MONTH($E$1),DAY(($A12+1)),"") | D12: =IF(MONTH(($A12+2))=MONTH($E$1),DAY(($A12+2)),"") | E12: =IF(MONTH(($A12+3))=MONTH($E$1),DAY(($A12+3)),"") | F12: =IF(MONTH(($A12+4))=MONTH($E$1),DAY(($A12+4)),"")
B13: =IF(MONTH(($A12+0))<>MONTH($E$1),"",IF(COUNTIF(Journal!$A$2:$A$501,($A12+0))=0,"",SUMIFS(Journal!$L$2:$L$501,Journal!$A$2:$A$501,($A12+0)))) | C13: =IF(MONTH(($A12+1))<>MONTH($E$1),"",IF(COUNTIF(Journal!$A$2:$A$501,($A12+1))=0,"",SUMIFS(Journal!$L$2:$L$501,Journal!$A$2:$A$501,($A12+1)))) | D13: =IF(MONTH(($A12+2))<>MONTH($E$1),"",IF(COUNTIF(Journal!$A$2:$A$501,($A12+2))=0,"",SUMIFS(Journal!$L$2:$L$501,Journal!$A$2:$A$501,($A12+2)))) | E13: =IF(MONTH(($A12+3))<>MONTH($E$1),"",IF(COUNTIF(Journal!$A$2:$A$501,($A12+3))=0,"",SUMIFS(Journal!$L$2:$L$501,Journal!$A$2:$A$501,($A12+3)))) | F13: =IF(MONTH(($A12+4))<>MONTH($E$1),"",IF(COUNTIF(Journal!$A$2:$A$501,($A12+4))=0,"",SUMIFS(Journal!$L$2:$L$501,Journal!$A$2:$A$501,($A12+4)))) | G13: =IF(COUNT(B13:F13)=0,"",SUM(B13:F13))
A14: =$E$1-WEEKDAY($E$1,3)+35 | B14: =IF(MONTH(($A14+0))=MONTH($E$1),DAY(($A14+0)),"") | C14: =IF(MONTH(($A14+1))=MONTH($E$1),DAY(($A14+1)),"") | D14: =IF(MONTH(($A14+2))=MONTH($E$1),DAY(($A14+2)),"") | E14: =IF(MONTH(($A14+3))=MONTH($E$1),DAY(($A14+3)),"") | F14: =IF(MONTH(($A14+4))=MONTH($E$1),DAY(($A14+4)),"")
B15: =IF(MONTH(($A14+0))<>MONTH($E$1),"",IF(COUNTIF(Journal!$A$2:$A$501,($A14+0))=0,"",SUMIFS(Journal!$L$2:$L$501,Journal!$A$2:$A$501,($A14+0)))) | C15: =IF(MONTH(($A14+1))<>MONTH($E$1),"",IF(COUNTIF(Journal!$A$2:$A$501,($A14+1))=0,"",SUMIFS(Journal!$L$2:$L$501,Journal!$A$2:$A$501,($A14+1)))) | D15: =IF(MONTH(($A14+2))<>MONTH($E$1),"",IF(COUNTIF(Journal!$A$2:$A$501,($A14+2))=0,"",SUMIFS(Journal!$L$2:$L$501,Journal!$A$2:$A$501,($A14+2)))) | E15: =IF(MONTH(($A14+3))<>MONTH($E$1),"",IF(COUNTIF(Journal!$A$2:$A$501,($A14+3))=0,"",SUMIFS(Journal!$L$2:$L$501,Journal!$A$2:$A$501,($A14+3)))) | F15: =IF(MONTH(($A14+4))<>MONTH($E$1),"",IF(COUNTIF(Journal!$A$2:$A$501,($A14+4))=0,"",SUMIFS(Journal!$L$2:$L$501,Journal!$A$2:$A$501,($A14+4)))) | G15: =IF(COUNT(B15:F15)=0,"",SUM(B15:F15))
A17: Month total ($) | B17: =SUM(G5,G7,G9,G11,G13,G15)
A18: Green days / red days | B18: =COUNTIF(B5:F5,">0")+COUNTIF(B7:F7,">0")+COUNTIF(B9:F9,">0")+COUNTIF(B11:F11,">0")+COUNTIF(B13:F13,">0")+COUNTIF(B15:F15,">0") | C18: =COUNTIF(B5:F5,"<0")+COUNTIF(B7:F7,"<0")+COUNTIF(B9:F9,"<0")+COUNTIF(B11:F11,"<0")+COUNTIF(B13:F13,"<0")+COUNTIF(B15:F15,"<0")
A19: Weekend trades are not shown (US options trade Mon-Fri).
